distributor,product_name,revenue_ytd,units_ytd,txn_count
DIRECT,14-Day Acai Berry Cleanse 56ct,90161.06999999998,11616,98
DIRECT,15-Day Weight Loss Support Cleanse & Flush 60ct,129154.59999999998,14373,108
DIRECT,2-IN-1 Cleanse & Flush Weight Loss Support 60ct,84950.01,7096,93
DIRECT,2-IN-1 Kidney & Liver Super Cleanse 60ct,326535.5899999999,21893,171
DIRECT,3-in-1 Joint Formula 90ct,130962.50000000003,7088,165
DIRECT,5-Day Liquid Cleanse & Flush 10ct,13859.55,1358,45
DIRECT,7-Day Ultimate Cleanse (2 Part Program),60077.29999999999,6692,61
DIRECT,Active-Energy Magnum Maca  84ct (300cc),-247.51999999999998,-19,6
DIRECT,Advanced Absorption Mega B-Complex 60ct,162138.87,15175,231
DIRECT,Aller-Pure Histamine Support 54ct,6621.240000000001,280,19
DIRECT,Allowance,-5474.26,-58,58
DIRECT,Aloe & Triphala Active-Cleanse and Probiotics 60ct,45718.26,3323,82
DIRECT,Anti-Gas Digestive Enzymes 45ct,28225.37999999999,2053,67
DIRECT,Ashwagandha Healthy Brain Mood & Stress 60ct,10780.120000000003,569,36
DIRECT,Beet Root RED 60ct,41786.13,2804,99
DIRECT,Beets-4-Cardio Peak Performance 60ct,13026.87,913,38
DIRECT,Biotin-6000 Strength & Protection 60ct,5756.65,420,36
DIRECT,Bloat-Away 60ct,30392.39,2319,87
DIRECT,Blood Sugar Balance Berberine-Body+Fat Burner 56ct,177741.19999999998,10191,140
DIRECT,Body Fat-Diet System-Six RED 72ct,11005.970000000001,697,39
DIRECT,Brain Awake 60ct,39714.58,3125,102
DIRECT,Brain Awake Max3 + Nitric Oxide Booster 60ct,143.88,12,3
DIRECT,Brain Awake RED 60ct,25397.26,2164,85
DIRECT,CBD 15mg Gummies Mixed Berry 30ct,532.56,88,7
DIRECT,CBD 15mg + Melatonin Gummies Lemon Lime 30ct,2878.8,160,16
DIRECT,CBD + 15mg Per Soft-Gel 60ct,23480.9,1227,46
DIRECT,CBD 30mg Gummies Raspberry Ripple 30ct,16697.040000000005,638,37
DIRECT,CBD + 30mg Per Soft-Gel 60ct,25376.18,817,43
DIRECT,CBD + 50mg Per Soft-Gel 60ct,24462.6,550,32
DIRECT,CBD + Ashwagandha 60ct,5216.5199999999995,352,24
DIRECT,CBD Balm 1000mg 2oz,2504.8799999999997,72,6
DIRECT,CBD Balm + Arnica 1000mg,22543.91999999999,693,26
DIRECT,CBD Balm + Menthol 1000mg,5844.719999999999,191,9
DIRECT,CBD Cream + Arnica 1000mg,15864.239999999996,501,20
DIRECT,CBD Cream + Menthol 1000mg,0,17,3
DIRECT,CBD Gel + Arnica 1000mg,17418.96,533,19
DIRECT,CBD Gel + Menthol 1000mg,834.9599999999999,37,3
DIRECT,CBD + Joint Health 78ct,0,1,1
DIRECT,CBD + Melatonin 60ct,496.43999999999994,36,3
DIRECT,CBD Oil Drops 1000mg (Peppermint) 1 fl. oz.,950.04,61,7
DIRECT,CBD Oil Drops 250mg (flavorless) 1 fl. oz.,9296.66,866,27
DIRECT,CBD + Power to Sleep 60ct,7926.9699999999975,577,16
DIRECT,CBD + Stress Defy 84ct,-251.88,-9,4
DIRECT,CBD + Sunny Mood 75ct,-302.28,-12,3
DIRECT,CBD + Turmeric 60ct,7509.76,450,24
DIRECT,CBD + Turmeric Extra Strength 60ct,575.76,264,1
DIRECT,CLA Lean Body Fat Reduction 80ct,25333.6,2015,84
DIRECT,Clinically Proven Verisol Collagen Beauty Fine Lines & Wrinkles 80ct,22952.71,1335,44
DIRECT,CoQ10-RED 60ct,51711.659999999996,2791,60
DIRECT,Daily Gentle Cleanse 60ct,25871.869999999995,2201,92
DIRECT,Daily Multi Testosterone UP Booster for Men 60ct,85261.80999999997,5220,112
DIRECT,Deep Tissue Collagen-Pure 80ct,22848.829999999994,1584,65
DIRECT,Double Potency 5-HTP Extra 60ct,34135.05000000001,2877,103
DIRECT,Double Potency CBD 30mg 90ct Value Size 400cc,17880.48,432,17
DIRECT,Double Potency CBD (30mg Per Soft-Gel) 15ct 200cc,1978.23,139,15
DIRECT,Double-Potency Fish Oil Pure 60ct,805.73,72,3
DIRECT,Double- Potency Ginkgo Biloba 60ct,13120.450000000003,900,56
DIRECT,Dual-Action Fat Burner RED 75ct,7219.200000000001,480,26
DIRECT,"Empty, 12pc GLP-1 Display",0,6,5
DIRECT,"Empty, 12pc Gummies Floor Display",0,2,1
DIRECT,"Empty, 24pc. Universal Green Floor Display",0,37,13
DIRECT,"Empty,Universal Flr Dis",0,2,1
DIRECT,Energy & Endurance Testosterone UP Men Over 40 60ct,58285.02999999996,2804,89
DIRECT,EstroPause Menopause Support 80ct,22294.209999999995,1873,79
DIRECT,Extra-Energy Thermo-Fuel Max Fat Burner 100ct,23690.689999999988,1411,61
DIRECT,Extra-Strength Alpha-Choline Brain & Muscle Support 60ct,0,41,5
DIRECT,Extra Strength Ashwagandha 60ct,36243.81000000001,2562,97
DIRECT,Extra Strength CBD 50mg 90ct Value Size 400cc,38153.63999999999,640,22
DIRECT,Extra-Strength CBD (50mg Per Soft-Gel) 15ct 200cc,1348.32,92,11
DIRECT,Extra Strength CBD Oil 2000mg (peppermint) 2 fl. oz.,10927.32,270,11
DIRECT,Extra Strength CBD Oil Drops 1000mg (Unflavored) 1 fl. oz.,6966.96,276,13
DIRECT,Extra Strength CBD Oil Drops 2000mg (flavorless) 2 fl. oz.,11920.8,292,10
DIRECT,Extra Strength Colon Flush 60ct,50741.48999999999,4254,63
DIRECT,"Extra Strength Testosterone Up v2, 60ct",23476.46,1007,50
DIRECT,Female Balance KSM-66 Ashwagandha 60ct,28237.099999999995,2885,61
DIRECT,Forskolin Fat-Loss Diet Stimulator 60ct,89083.80000000002,6468,104
DIRECT,Garcinia HCA Fat Reduction Diet 90ct,3607.2999999999997,288,16
DIRECT,Ginkgo Smart Maximum Focus & Memory 120ct VALUE SIZE,260441.55,12443,153
DIRECT,Ginkgo Smart Maximum Focus & Memory 60ct,76106.12,6409,122
DIRECT,Ginza-Plus Maca & Rhodiola 75ct,388.44,36,4
DIRECT,Gluten & Dairy Digestive Aid 50ct,47871.96000000001,5347,56
DIRECT,Good Mood Sleep PM 54ct,15663.99,2585,58
DIRECT,Green Tea Fat Burner 30ct,25418.9,4272,46
DIRECT,Green Tea Fat Burner 90ct SSLV,140869.51999999996,12533,166
DIRECT,Green Tea Fat Metabolizer 150ct VALUE SIZE,11551.68,432,27
DIRECT,Green Tea Fat Metabolizer 75ct,10506.080000000002,733,36
DIRECT,Green Tea Triple Fat Burner 30ct,35127.740000000005,4860,80
DIRECT,Gummies Apple Cider Vinegar 40ct,952.95,227,25
DIRECT,Gummies Maca Root Ashwagandha 42ct,1270.86,239,24
DIRECT,Gummies Magnesium Whole-Body 40ct,683.3100000000001,167,23
DIRECT,Gummies Milk Thistle Liver Detox 30ct,1270.8600000000001,229,26
DIRECT,Gummies Stress-Defy Balanced 30ct,1270.86,221,23
DIRECT,Gummies Testosterone Up Peak 30ct,527.52,119,18
DIRECT,Gut-to-Brain Hunger Control 60ct,55896.58000000001,2908,85
DIRECT,Hair Follicle Stimulator 60ct,43332.99,3519,86
DIRECT,Healthy Brain ALA 60ct,36879.420000000006,3421,34
DIRECT,Healthy Brain All-Day Focus 50ct,58115.04000000001,6120,79
DIRECT,Healthy Brain All-Day Focus 60ct,58190.450000000004,4588,51
DIRECT,Healthy-Flow Saw Palmetto 60ct,11247.000000000002,660,30
DIRECT,Healthy Tract Prebiotic 60ct,143.88,12,1
DIRECT,High Potency Mega D3+K2 Turmeric Extract 60ct,211822.05000000002,19812,189
DIRECT,Immuno-Shield All Season Wellness 100ct,44044.04999999999,3685,106
DIRECT,Immuno-Shield with Elderberry 60ct,16714.439999999995,1548,79
DIRECT,Inflamma-Less 80ct,52458.679999999964,3169,124
DIRECT,Inholtra Premium Lubri-Joint 120ct,51993.54999999999,1916,51
DIRECT,Keto-Karma Burn Fat RED 72ct,12672.550000000003,852,44
DIRECT,L-Arginine + Horney Goat Weed 75ct,20633.910000000003,1638,84
DIRECT,L-Citrulline + L-Arginine 60ct,15439.160000000005,1216,65
DIRECT,Libido-Max 30ct SKINNY,3400.32,528,23
DIRECT,Libido-Max 75ct,43368.23999999996,2616,95
DIRECT,Libido-Max for Active Men 60ct,47009.19,3557,127
DIRECT,Libido-Max RED 30ct SKINNY,3518.8800000000006,552,20
DIRECT,Liquid Collagen & Hyaluronic Acid,65710.68000000002,6852,33
DIRECT,Liquid Collagen Skin Revitalization 10ct,303397.6,39190,77
DIRECT,Liquid Quick-Delivery Ashwagandha Mind Body 10ct,6582.51,549,17
DIRECT,Liver Detox & Blood Refresh 60ct,148627.81,9992,125
DIRECT,Living Green Liquid-Gel Multi for MEN 120ct VALUE SIZE,190653.40999999997,9482,157
DIRECT,Living Green Liquid-Gel Multi for MEN 90ct,69275.45000000001,4028,95
DIRECT,Living Green Liquid-Gel Multi for WOMEN 120ct VALUE SIZE,117084.87999999998,5984,146
DIRECT,Living Green Liquid-Gel Multi for WOMEN 90ct,12919.490000000002,783,47
DIRECT,Longer Stronger Hair & Nails 120ct Value Size,47568.790000000015,2304,87
DIRECT,Longer Stronger Hair & Nails 60ct,57796.96000000003,5580,147
DIRECT,Longjack Extract Potency Wood Primal-Male 60ct,9575.939999999999,781,47
DIRECT,Love My Legs 60ct,53364.580000000016,3119,62
DIRECT,Maca Root and Ashwagandha 75ct,119005.12999999999,7972,125
DIRECT,Magnesium + Beets & CoQ10 60ct,15089.1,2229,27
DIRECT,Magnesium + Milk Thistle & Turmeric 60ct,24025.979999999996,2521,35
DIRECT,Magnum Blood-Flow Sexual Peak Performance 16ct,6168.960000000002,864,22
DIRECT,Magnum Blood-Flow Sexual Peak Performance 40ct,97911.97999999998,7428,69
DIRECT,Maximum Strength 3-in-1 Carb Blocker 150ct VALUE SIZE,664169.7800000003,31668,97
DIRECT,Maximum Strength 3-in-1 Carb Blocker 75ct,208733.93000000005,17435,114
DIRECT,Maximum Strength 3 -in- 1 Carb Blocker 84ct 300cc,1964.0399999999997,156,9
DIRECT,Mental Clarity Information Retention 60ct,12012.300000000003,817,47
DIRECT,Mighty Moringa 60ct,67083.29999999999,5738,133
DIRECT,Milk Thistle Liver Cleanse 60ct,8003.53,577,49
DIRECT,Milk Thistle Liver Detox 54ct,469.44,36,1
DIRECT,Milk Thistle Liver Detox 60ct,139817.95999999996,10207,159
DIRECT,Milk Thistle Triple-Detox 60ct,2818.89,111,17
DIRECT,Multi-Herb Colon Cleanse 275ct ECONOMY SIZE,156574.13,10036,117
DIRECT,Multi Herb Digestion & Detox Support 275ct ECONOMY SIZE,33457.10999999999,2164,53
DIRECT,Next Level Steel Libido X2 75ct,124277.88000000002,7262,99
DIRECT,Nitric Oxide Pre Sport 60ct,44644.809999999976,3380,106
DIRECT,One-Per-Day Mega B-12 60ct,50591.15000000001,4263,80
DIRECT,Only One Liquid-Gel Multi WITH IRON 60ct,35775.73,2743,74
DIRECT,Only One Liquid-Gel Multi WITHOUT IRON 60ct,12727.600000000006,1238,53
DIRECT,Optimum-Strength Testosterone UP PRO-Growth 60ct,13768.739999999998,653,42
DIRECT,Power-Male Horny Goat Weed w/Nitric Oxide Booster 60ct,13812.480000000003,1152,60
DIRECT,PowertoSleepMagnesiumPM+RelaxingFlowerComplex60ct,17505.42,2759,42
DIRECT,Power to Sleep PM 120ct VALUE SIZE,211303.32999999987,9957,167
DIRECT,Power to Sleep PM 60ct,86240.48999999998,7248,148
DIRECT,Power to Sleep PM 6mg Melatonin 60ct,71822.95000000003,5798,99
DIRECT,Power to Sleep PM Melatonin-Free 50ct,7949.489999999998,658,48
DIRECT,Primal Male Fenugreek RED Testosterone Booster 60ct,0,0,1
DIRECT,Pro-Active Male Prosta-Strong Healthy Urinary Flow 180ct VALUE SIZE,573155.4699999999,14341,141
DIRECT,Pro-Active Male Prosta-Strong Healthy Urinary Flow 90ct,53646.53999999997,2671,103
DIRECT,Pro-Active Nitric Oxide PWR Blood-Flow Booster 60ct,41384.95999999999,3153,115
DIRECT,Prosta-Strong RED 80ct,54552.879999999976,3069,128
DIRECT,Pure Defense Mushroom-8 Immune Support 60ct,9631.219999999996,723,50
DIRECT,Quick Energy RED Liquid-Gel Multi 72ct,30388.15,1885,48
DIRECT,"Rapid-Acting Testosterone UP ThermoBurn-Max, 60ct",40685.05,2135,37
DIRECT,Respiratory Support & Defense 60ct,43182.29000000001,4692,96
DIRECT,Sensual Woman Endurance*Stress*Libido 60ct,19845.77999999999,1285,62
DIRECT,Shatavari-Rose Mind & Body for Women 60ct,14530.910000000005,887,37
DIRECT,Sleep Fit PM Fat Burner 60ct,21311.299999999992,1517,63
DIRECT,Steel-Libido 150ct VALUE SIZE,43184.99999999998,1500,55
DIRECT,Steel-Libido 75ct,32252.48000000001,2164,80
DIRECT,Steel-Libido for Women 48ct 200cc,14668.570000000003,1224,30
DIRECT,Steel-Libido for WOMEN 75ct,145047.55999999997,9696,156
DIRECT,Steel-Libido Max3 + Nitric Oxide Booster 75ct,1618.92,108,7
DIRECT,Steel-Libido Peak Testosterone 75ct,36551.619999999995,2472,88
DIRECT,Steel-Libido PINK for WOMEN 60ct,45809.57000000001,2697,95
DIRECT,Steel-Libido RED 150ct VALUE SIZE,348342.1900000001,12941,171
DIRECT,Steel-Libido RED 75ct,117251.16999999997,7882,144
DIRECT,Steel Libido RED 84ct 300cc,5037,300,21
DIRECT,Stored Fat Belly Burner 100ct VALUE SIZE,338824.63,18826,102
DIRECT,Stored Fat Belly Burner 60ct,204445.93999999986,18129,136
DIRECT,Stored-Fat Belly Burner 72ct 300cc,2532.48,192,13
DIRECT,Stored-Fat Belly Burner plus CalorieBurn 40ct,36931.520000000004,2939,94
DIRECT,Stress-Defy 84ct,24157.140000000007,1369,76
DIRECT,Stress Defy Sleep PM 50ct,6068.14,356,30
DIRECT,Sunny Mood with 5-HTP 80ct,14360.379999999996,863,46
DIRECT,Sunny Mood with Rhodiola 75ct,54057.07999999997,3282,113
DIRECT,Super Cleanse 100ct,19037.72,1994,64
DIRECT,Super Cleanse 200ct ECONOMY SIZE,445924.20000000007,30515,208
DIRECT,Testosterone-Extra Fat Burner 60ct,47032.13999999997,2821,92
DIRECT,Testosterone Extra Fat Burner 68ct 300cc,7124.04,396,22
DIRECT,Testosterone Mega-Boost Red 56ct,39718.43999999999,2366,59
DIRECT,Testosterone Mega-Boost RED 68ct 300cc,237783.60000000006,11359,126
DIRECT,Testosterone UP 120ct VALUE SIZE,30488.43,847,37
DIRECT,Testosterone UP 60ct,18609.48,988,44
DIRECT,Testosterone UP Max3 + Nitric Oxide Booster 60ct,0,0,1
DIRECT,Testosterone UP Prostate Defense 60ct,18523.709999999995,790,39
DIRECT,Testosterone Up RED 100ct VALUE SIZE,100513.62999999998,3168,78
DIRECT,Testosterone UP RED 32ct 200cc,6618.48,552,26
DIRECT,Testosterone UP RED 60ct,77822.83000000002,3978,107
DIRECT,Testosterone Up Strength & Size 60ct,37181.04,1788,40
DIRECT,Thermo Burn Stubborn Fat Metabolizer 60ct,75898.8,5075,82
DIRECT,Triple-Boost Caffeine-Free Energy 75ct,8716.249999999998,649,38
DIRECT,Triple Diet Fat Reduction Max Accelerator 72ct,28957.350000000002,2199,57
DIRECT,Triple Source MAGNESIUM ASHWAGANDHA 60ct,91865.72,8940,104
DIRECT,Triple-Tea Fat Burner 75ct,9868.460000000003,660,40
DIRECT,Turbo-Energy Libido-Max RED 72ct,6331.62,481,28
DIRECT,"Type I, II & III Collagen Peptides + Astaxanthin 60ct",2980.83,184,16
DIRECT,Ultimate Cleanse (2 Part Program),190736.96000000002,9491,113
DIRECT,Urgent Rescue Mega Vita-C 60ct,15248.86,1305,59
DIRECT,Urinary Flush & Support 60ct,12820.260000000006,1404,73
DIRECT,V02 Max Performance Fat Burner 60ct,22645.69,1272,60
DIRECT,Vision Sharp Multi-Nutrient Eye Health 42ct,64171.59000000001,5704,117
DIRECT,Vitality & Recovery Testosterone Up for Men 60+ 60ct,15952.399999999987,793,55
DIRECT,Weekend Colon Flush 16ct,143902.78000000003,28582,147
DIRECT,Whole Body Turmeric 120ct VALUE SIZE,28022.68,1558,81
DIRECT,Whole Body Turmeric Curcumin C3 60ct,18651.66,1564,78
DIRECT,Women's 73 Nutrient Soft-Gel Multi 60ct,15795.379999999997,1262,78
DIRECT,Yohimbe-Plus Maximum Enhancement 100ct,33952.14,2535,104
KEHE,1 KT PARASTROY 90+90TB,39.57,3,2
KEHE,2-IN-1 Cleanse & Flush Weight Loss Support 60ct,31.98,2,1
KEHE,2-IN-1 Kidney & Liver Super Cleanse 60ct,127504.939999997,8557,5244
KEHE,3-in-1 Joint Formula 90ct,31919.03000000006,2029,380
KEHE,60 SG FISH OIL PURE 2XPOTENCY,1067.1100000000001,89,15
KEHE,60 SG MENS FENUGREEK RED,474.96,24,2
KEHE,60 SG WOMENS DIET CELLU THIGHS,100.74000000000001,9,2
KEHE,7-Day Ultimate Cleanse (2 Part Program),1280.06,154,44
KEHE,Advanced Absorption Mega B-Complex 60ct,21018.919999999976,2037,510
KEHE,Beet Root RED 60ct,9128.91,636,162
KEHE,Biotin-6000 Strength & Protection 60ct,91.95,5,2
KEHE,Blood Sugar Balance Berberine-Body+Fat Burner 56ct,140591.8499999977,7816,4942
KEHE,Body Fat-Diet System-Six RED 72ct,1311.3899999999999,81,16
KEHE,Brain Awake 60ct,8514.660000000005,681,167
KEHE,Brain Awake RED 60ct,9831.799999999996,842,237
KEHE,CoQ10-RED 60ct,12529.660000000007,712,189
KEHE,Daily Gentle Cleanse 60ct,4963.859999999997,477,87
KEHE,Daily Multi Testosterone UP Booster for Men 60ct,9390.779999999997,538,174
KEHE,Double Potency 5-HTP Extra 60ct,659.45,55,18
KEHE,Energy & Endurance Testosterone UP Men Over 40 60ct,33038.25999999999,1626,239
KEHE,EstroPause Menopause Support 80ct,15.99,1,1
KEHE,Extra-Energy Thermo-Fuel Max Fat Burner 100ct,12277.699999999993,832,184
KEHE,Extra Strength Ashwagandha 60ct,8943.140000000003,670,144
KEHE,Ginkgo Smart Maximum Focus & Memory 60ct,14340.039999999986,1246,352
KEHE,Gluten & Dairy Digestive Aid 50ct,2014.3200000000004,168,40
KEHE,Good Mood Sleep PM 54ct,31.98,2,1
KEHE,Green Tea Fat Burner 90ct SSLV,12409.649999999932,1035,591
KEHE,Green Tea Fat Metabolizer 75ct,1573.95,105,43
KEHE,Gut-to-Brain Hunger Control 60ct,2609.8400000000006,140,48
KEHE,High Potency Mega D3+K2 Turmeric Extract 60ct,7343.6799999999985,788,143
KEHE,Immuno-Shield All Season Wellness 100ct,25368.540000000023,2678,93
KEHE,Immuno-Shield with Elderberry 60ct,32.37,3,1
KEHE,Inflamma-Less 80ct,6951.059999999996,427,135
KEHE,L-Arginine + Horney Goat Weed 75ct,164.89,11,6
KEHE,Libido-Max for Active Men 60ct,11145.550000000001,878,184
KEHE,Liver Detox & Blood Refresh 60ct,19948.379999999997,1410,242
KEHE,Living Green Liquid-Gel Multi for MEN 90ct,4538.790000000001,263,88
KEHE,Living Green Liquid-Gel Multi for WOMEN 90ct,4034.48,216,79
KEHE,Longer Stronger Hair & Nails 60ct,3764.8600000000015,320,109
KEHE,Love My Legs 60ct,1095.5700000000002,66,6
KEHE,Maca Root and Ashwagandha 75ct,5636.239999999999,376,89
KEHE,Maximum Strength 3-in-1 Carb Blocker 75ct,9348.509999999998,810,164
KEHE,Mighty Moringa 60ct,9987.669999999998,862,188
KEHE,Milk Thistle Liver Cleanse 60ct,4898.799999999999,365,81
KEHE,Milk Thistle Liver Detox 60ct,171395.90999999375,12507,3599
KEHE,Multi Herb Digestion & Detox Support 275ct ECONOMY SIZE,31.48,2,1
KEHE,Next Level Steel Libido X2 75ct,14158.12999999999,827,249
KEHE,Nitric Oxide Pre Sport 60ct,10894.099999999993,821,174
KEHE,One-Per-Day Mega B-12 60ct,3009.4900000000007,275,90
KEHE,Only One Liquid-Gel Multi WITH IRON 60ct,11633.580000000007,917,279
KEHE,Only One Liquid-Gel Multi WITHOUT IRON 60ct,8045.900000000009,626,238
KEHE,Optimum-Strength Testosterone UP PRO-Growth 60ct,10180.149999999994,513,150
KEHE,Power to Sleep PM 60ct,14509.95999999999,1224,379
KEHE,Power to Sleep PM 6mg Melatonin 60ct,16367.000000000013,1336,233
KEHE,Pro-Active Male Prosta-Strong Healthy Urinary Flow 90ct,20969.009999999966,1026,334
KEHE,Pro-Active Nitric Oxide PWR Blood-Flow Booster 60ct,70.36,4,2
KEHE,Prosta-Strong RED 80ct,55379.500000000065,2084,143
KEHE,Pure Defense Mushroom-8 Immune Support 60ct,41.37,3,2
KEHE,Quick Energy RED Liquid-Gel Multi 72ct,2784.680000000001,177,45
KEHE,Respiratory Support & Defense 60ct,8963.46,984,123
KEHE,Sensual Woman Endurance*Stress*Libido 60ct,44.78,2,2
KEHE,Steel-Libido 75ct,3977.090000000001,281,78
KEHE,Steel-Libido for WOMEN 75ct,10358.369999999999,678,134
KEHE,Steel-Libido Peak Testosterone 75ct,4422.050000000001,307,57
KEHE,Steel-Libido RED 75ct,152950.80000000235,10245,3056
KEHE,Stored Fat Belly Burner 60ct,135142.34999999564,11934,3526
KEHE,Stress-Defy 84ct,3030.17,525,50
KEHE,Stress Defy Sleep PM 50ct,23.18,1,1
KEHE,Sunny Mood with 5-HTP 80ct,21105.030000000006,1455,97
KEHE,Sunny Mood with Rhodiola 75ct,7186.119999999995,441,164
KEHE,Super Cleanse 100ct,41077.83999999997,4291,789
KEHE,Super Cleanse 200ct ECONOMY SIZE,17231.760000000002,1059,149
KEHE,Testosterone-Extra Fat Burner 60ct,15110.999999999996,927,159
KEHE,Testosterone Mega-Boost Red 56ct,127939.80000000363,7625,4911
KEHE,Testosterone Mega-Boost RED 68ct 300cc,6926.699999999999,354,87
KEHE,Testosterone UP 60ct,3842.730000000001,214,52
KEHE,Testosterone UP RED 60ct,33860.689999999995,1783,333
KEHE,Testosterone Up Strength & Size 60ct,9382.529999999999,478,130
KEHE,Thermo Burn Stubborn Fat Metabolizer 60ct,17126.88999999999,1462,186
KEHE,Triple Diet Fat Reduction Max Accelerator 72ct,4458.220000000002,347,103
KEHE,Triple-Tea Fat Burner 75ct,12366.749999999996,847,270
KEHE,"Type I, II & III Collagen Peptides + Astaxanthin 60ct",6883.9000000000015,425,75
KEHE,Ultimate Cleanse (2 Part Program),39344.400000000045,2217,208
KEHE,Urgent Rescue Mega Vita-C 60ct,323.73,27,8
KEHE,Urinary Flush & Support 60ct,1240.6200000000003,147,37
KEHE,V02 Max Performance Fat Burner 60ct,53.97,6,1
KEHE,Vision Sharp Multi-Nutrient Eye Health 42ct,11647.229999999987,810,262
KEHE,Vitality & Recovery Testosterone Up for Men 60+ 60ct,230.88999999999996,11,6
KEHE,Weekend Colon Flush 16ct,2274.5799999999995,434,115
KEHE,Whole Body Turmeric Curcumin C3 60ct,23944.02999999996,2283,388
PALKO,15 Day Weight Loss Cleanse,1810.3500000000004,156,58
PALKO,2 in 1 Cleanse & Flush Weight Loss Support,810.19,58,25
PALKO,2 in 1 Kidney & Liver Super Cleanse,4135.6500000000015,245,88
PALKO,3 in 1 Joint Formula,3438.7899999999995,155,66
PALKO,7 Day Ultimate Cleanse,2633.6700000000005,231,96
PALKO,Advanced Absorption Mega B Complex,5100.530000000001,397,144
PALKO,Aloe & Triphala Active Cleanse & Probiotics,162.20000000000002,12,5
PALKO,Anti Gas Digestive Enzymes,621.03,39,15
PALKO,Ashwagandha Extra Strength Mind Body,1632.3999999999999,98,49
PALKO,Beet Root RED,3909.5300000000007,221,83
PALKO,Biotin 6000 Strength & Protection,451.83000000000004,29,15
PALKO,Bloat Away,725.03,48,22
PALKO,Blood Sugar Balance Berberine + Fat Burner,2809.39,134,56
PALKO,Body Fat Diet System Six RED,420.99,22,11
PALKO,Brain Awake,1913.7299999999996,120,51
PALKO,Brain Awake RED,930.58,64,26
PALKO,CBD 1000mg Balm,1208.45,29,13
PALKO,CBD 1000mg Peppermint,1418.83,47,24
PALKO,CBD 1000mg Unflavored,2568.8199999999997,81,38
PALKO,CBD + 15mg,1100.33,48,27
PALKO,CBD 15mg + Melatonin Gummy Lemon Lime,1418.7199999999998,51,22
PALKO,CBD 2000mg Peppermint,2421.1499999999996,52,26
PALKO,CBD 2000mg Unflavored,1858.2099999999998,40,21
PALKO,CBD 30mg,5569.67,149,61
PALKO,CBD 30mg Gummy Raspberry Ripple,2941.4300000000003,103,45
PALKO,CBD 50mg,6246.089999999999,118,52
PALKO,CBD Gummy 15mg Mixed Berry,852.18,32,18
PALKO,CBD + Power to Sleep,406.40999999999997,24,12
PALKO,CBD + Turmeric,1877.1999999999998,93,29
PALKO,CLA Lean Body Fat Reduction,534.7299999999999,35,18
PALKO,CoQ 10 RED,354.49,16,7
PALKO,Daily Gentle Cleanse,698.25,50,24
PALKO,Daily Multi Testosterone UP Booster for Men,1143.08,54,24
PALKO,Deep Tissue Collagen Pure,524.52,32,13
PALKO,Double Potency 5 HTP Extra,396.84000000000003,30,16
PALKO,Double Potency Ginkgo Biloba,742.6000000000001,41,24
PALKO,Energy & Endurance Testosterone UP Men Over 40,1406.44,57,24
PALKO,EstroPause Menopause Support,1543.46,110,49
PALKO,Extra Strength CBD + Power to Sleep,59.13,3,2
PALKO,Extra Strength Colon Flush,505.76,35,11
PALKO,Female Balance KSM-66 Ashwagandha +Evening Primrose,307.53999999999996,15,6
PALKO,Forskolin Fat Loss Diet Stimulator,365.94000000000005,22,11
PALKO,Ginkgo Smart,3211.3199999999997,235,107
PALKO,Good Mood Sleep PM,359.76,24,10
PALKO,Green Tea Fat Metabolizer,1213.3500000000004,67,36
PALKO,Gut to Brain Hunger Control,1152.78,50,26
PALKO,Hair Follicle Stimulator,429.88000000000005,22,10
PALKO,Healthy Brain ALA & BacoMind,101.95,5,3
PALKO,Healthy Brain All Day Focus,1411.7599999999998,66,21
PALKO,Healthy Flow Saw Palmetto,851.5,43,24
PALKO,Healthy Tract Prebiotic,149.5,11,3
PALKO,High Potency Mega D3 K2 Turmeric Extract,3074.7599999999998,246,97
PALKO,Immuno Shield All Season Wellness,2686.3599999999997,182,53
PALKO,Inflamma Less,3615.92,189,63
PALKO,Inholtra Premium Lubri-Joint,1419.66,55,18
PALKO,Keto Karma Burn Fat RED,370.80000000000007,21,8
PALKO,L Arginine + Horny Goat Weed,1340.7,76,22
PALKO,L-Arginine + Horny Goat Weed,179.91,10,4
PALKO,L Citruline + L Arginine,1023.64,73,31
PALKO,L-Citruline + L-Arginine,91.14,6,4
PALKO,Libido Max for Active Men,1640.88,104,46
PALKO,Liver Detox & Blood Refresh,2287.1600000000008,130,55
PALKO,Living Green Men's Multi,2238.9300000000003,108,54
PALKO,Living Green Women's Multi,2040.66,96,40
PALKO,Longer Stronger Hair & Nails,204.67000000000002,13,7
PALKO,Longer Stroniger Hair & Nails,934.1200000000001,69,34
PALKO,Longjack Extract + Potency Wood Primal-Male,29.9,2,1
PALKO,Love My Legs,373.8,20,14
PALKO,Maca Root & Ashwagandha,2746.3600000000006,167,61
PALKO,Magnesium + Beets & CoQ10,171.64,9,4
PALKO,Magnesium + Milk Thistle & Turmeric,229.92000000000002,12,6
PALKO,Maximum Strength 3 in 1 Carb Blocker,1043.6200000000001,85,43
PALKO,Mental Clarity Information Retention,668.0400000000001,38,18
PALKO,Mighty Moringa,4181.23,299,104
PALKO,Milk Thistle Liver Cleanse,3897.0700000000006,230,95
PALKO,Milk Thistle Liver Detox,2621.99,170,57
PALKO,Next Level Steel Libido X2,978.02,48,28
PALKO,Nitric Oxide Pre Sport,5041.88,308,104
PALKO,One Per Day Mega B12,1305.7000000000003,90,33
PALKO,One-Per-Day Mega B12,132.4,9,2
PALKO,Only One Liquid Gel Multi with Iron,1157.3799999999999,74,36
PALKO,Only One Liquid Gel Multi without Iron,1580.39,99,48
PALKO,Optimuim Strength Testosterone UP PRO Growth,765.51,31,17
PALKO,Optimum Strength Testosterone UP PRO Growth,201.53,8,2
PALKO,Power Male Horny Goat Weed w/ Nitric Oxide Boost,1564.0499999999997,112,52
PALKO,Power to Sleep,3153.77,230,97
PALKO,Power to Sleep Magnesium PM + Relaxing Flower Complex,95.93,7,5
PALKO,Power to Sleep PM,287.82,18,10
PALKO,Power to Sleep PM Melatonin 6 mg,1833.0899999999997,124,45
PALKO,Power to Sleep PM Melatonin Free,699.29,48,24
PALKO,Pro Active Nitric Oxide PWR Blood Flow Booster,2941.8200000000006,188,71
PALKO,Prosta Strong,4083.9500000000003,177,83
PALKO,Prosta-Strong,547.19,21,8
PALKO,Prosta Strong Red,2764.75,129,61
PALKO,Prosta-Strong Red,369.44,16,8
PALKO,Pure Defense Mushroom 8 Immune Support,413.2099999999999,26,12
PALKO,Quick Energy RED Liquid Gel Multi,407.39000000000004,22,9
PALKO,Rapid-Acting Testosterone UP ThermoBurn-MAX,176.56,8,5
PALKO,Respiratory Support & Defense,8410.58,724,168
PALKO,Sensual Woman Edurance Stress Libido,707.95,37,17
PALKO,Sensual Woman Endurance Stress Libido,20.15,1,1
PALKO,Steel Libido,1851.9900000000007,104,57
PALKO,Steel Libido for Men,149.92,8,4
PALKO,Steel Libido for Women,1750.8900000000003,94,45
PALKO,Steel Libido Peak Testosterone,1783.4000000000005,103,42
PALKO,Steel Libido PINK for Women,1906.15,91,43
PALKO,Steel Libido RED,10500.289999999992,556,224
PALKO,Stored Fat Belly Burner,6128.800000000002,405,175
PALKO,Stress Defy,1255.5900000000001,54,22
PALKO,Sunny Mood,2102.8,104,46
PALKO,Sunny Mood with 5 HTP,400.76,20,9
PALKO,Super Cleanse,5938.24,401,162
PALKO,Testosterone Extra Fat Burner,1159.07,61,29
PALKO,Testosterone Mega Boost RED,4204.91,200,78
PALKO,Testosterone Up,1975.4899999999998,84,39
PALKO,Testosterone UP Prostate Defense,430.25,15,6
PALKO,Testosterone Up RED,5975.450000000001,266,91
PALKO,Testosterone UP Strength & Size,1451.2500000000002,59,23
PALKO,Thermo Burn Stubborn Fat Metabolizer,616.6600000000001,37,19
PALKO,Triple Boost Caffeine Free Energy,380.64,24,13
PALKO,Triple Diet Fat Reduction Max Accelerator,1034.6000000000001,70,27
PALKO,Triple Source Magnesium Ashwagandha,983.9599999999999,65,34
PALKO,Triple Tea Fat Burner,588.08,36,18
PALKO,Turbo-Energy Libido-Max RED,426.93999999999994,26,14
PALKO,Ultimate Cleanse (Herb & Fiber),2155.46,95,57
PALKO,Urinary Cleanse & Flush,1530.49,133,47
PALKO,V02 Max Performance Fat Burner,410.7,21,7
PALKO,Vision Sharp Multi Nutrient Eye Health,1795.0400000000004,100,46
PALKO,Vita C Plus Urgent Rescue,1223.19,84,39
PALKO,Whole Body Turmeric Curcumin C3,2226.42,161,57
PALKO,Women's 73 Nutrient Multi,887.3900000000001,61,31
PALKO,Yohimbe Plus Maximum Enhancement,1897.0000000000005,108,54
SUPERNATURAL,10-DAY ACAI SUPER CLEANSE,207.87,13,12
SUPERNATURAL,15DAY WEIGHT LOSS&FLUSH,2481.9300000000007,209,81
SUPERNATURAL,3IN1 JOINT FORMULA,5949.5999999999985,244,97
SUPERNATURAL,5-HTP XTRA DOUBLE POTENCY,1055.3400000000001,66,32
SUPERNATURAL,ACTIVE CLEANSE PROBIOTIC,1471.1999999999998,80,19
SUPERNATURAL,ACTIVE ENERGY MAGNUM MACA,0,0,5
SUPERNATURAL,ALLERPURE HISTAMINE CLEAR,1535.5200000000002,48,23
SUPERNATURAL,ALPHA-CHOLINE BRAIN&MSCLE,0,0,1
SUPERNATURAL,ANTI-GAS DIGESTIVE ENZYME,1360.8600000000001,78,35
SUPERNATURAL,APPLE CV+METABOLISM GUMMY,263.78,24,9
SUPERNATURAL,ASHWAGANDHA MOOD & STRESS,1595.3200000000002,68,34
SUPERNATURAL,ASHWAGANDHA XTRA STRENGTH,2571.460000000001,136,58
SUPERNATURAL,B-12 QUICK RELEASE EXTRA,2030.7300000000005,131,55
SUPERNATURAL,BEET ROOT RED,6676.66,334,112
SUPERNATURAL,BEETS-4-CARDIO,1119.44,56,26
SUPERNATURAL,BELLY BURNER+CALORIE BURN,1319.25,75,33
SUPERNATURAL,BELLY BURNER STORED FAT,4450.670000000004,299,123
SUPERNATURAL,BERBERINE BODY+FAT BURNER,3190.6700000000005,133,50
SUPERNATURAL,BIOTIN 6000,1655.1,92,42
SUPERNATURAL,BLOAT-AWAY,2198.75,125,42
SUPERNATURAL,BODYFAT DIET SYSTEM-6 RED,798.8299999999999,37,19
SUPERNATURAL,BRAIN AWAKE,2269.1099999999997,129,50
SUPERNATURAL,BRAIN AWAKE RED,2094.69,131,46
SUPERNATURAL,CARB BLOCKER MAX STRENGTH,2682.6600000000008,140,69
SUPERNATURAL,CBD 15MG,3173.159999999999,126,66
SUPERNATURAL,CBD 30MG,6529.630000000001,157,72
SUPERNATURAL,CBD 30MG   (TBDM),623.85,15,4
SUPERNATURAL,CBD 50MG,12297.949999999995,205,83
SUPERNATURAL,CBD+ASHWAGANDHA,1439.2800000000002,72,39
SUPERNATURAL,CBD BALM 1000MG,1159.75,25,13
SUPERNATURAL,CBD BALM+ARNICA 1000MG,4082.3200000000006,90,39
SUPERNATURAL,CBD BALM+LEMNGRASS 1000MG,649.4599999999999,16,8
SUPERNATURAL,CBD BALM+MENTHOL 1000MG,1020.58,24,11
SUPERNATURAL,CBD CREAM+ARNICA 1000MG,2922.5699999999997,67,34
SUPERNATURAL,CBD CREAM+MENTHOL 1000MG,2690.6200000000003,60,32
SUPERNATURAL,CBD+CURCUMIN XTRA STRNGTH,0,0,43
SUPERNATURAL,CBD DOUBLE  30MG (TBDM),31.98,2,1
SUPERNATURAL,CBD DOUBLE POTENCY 30MG,2211.23,77,46
SUPERNATURAL,CBD EXTRA 50MG   (TBDM),339.83,17,3
SUPERNATURAL,CBD EXTRA STRENGTH 50MG,1699.1500000000003,85,51
SUPERNATURAL,CBD EXTRA STRENGTH+SLEEP,881.22,38,70
SUPERNATURAL,CBD GEL+ARNICA 1000MG,1855.6000000000004,44,30
SUPERNATURAL,CBD GEL+MENTHOL 1000MG,649.46,16,14
SUPERNATURAL,CBD GUMMY BERRY 15MG TBDM,1094.83,37,12
SUPERNATURAL,CBD GUMMY MELATN 15(TBDM,63.98,2,1
SUPERNATURAL,CBD GUMMY MELATONIN 15MG,1791.44,58,24
SUPERNATURAL,CBD GUMMY MIX BERRY 15MG,843.6999999999998,30,10
SUPERNATURAL,CBD GUMMY RASPBERRY 30MG,4354.5,154,65
SUPERNATURAL,CBD+MELATONIN,459.75,25,19
SUPERNATURAL,CBD OIL 1000MG PEPPERMINT,1935.4499999999998,55,24
SUPERNATURAL,CBD OIL 1000MG UNFLAVORED,5032.17,145,56
SUPERNATURAL,CBD OIL 2000MG PEPPRMNT,1655.6999999999998,30,28
SUPERNATURAL,CBD OIL 2000MG UNFLAVORED,1710.8899999999999,33,52
SUPERNATURAL,CBD OIL 250 MG UNFLAVORED,1510.9499999999998,107,45
SUPERNATURAL,CBD OIL 250 MG UNFL(TBDM),201.46,14,4
SUPERNATURAL,CBD+POWER TO SLEEP,588.48,32,93
SUPERNATURAL,CBD+TURMERIC,2481.3300000000004,107,60
SUPERNATURAL,CBD+TURMERIC XTRA STRNGTH,0,0,32
SUPERNATURAL,CBD XTRA STRENGTH 50MG,3919.5099999999993,49,34
SUPERNATURAL,CHROMIUM PICLINATE BOOST,0,0,12
SUPERNATURAL,CLA LEAN FAT REDUCTION,721.97,43,24
SUPERNATURAL,CLEANSE&FLUSH WEIGHT LOSS,879.4499999999998,55,16
SUPERNATURAL,COLLAGEN BEAUTY,904.4100000000001,39,25
SUPERNATURAL,COLON FLUSH XTRA STRENGTH,751.53,47,13
SUPERNATURAL,COQ10 RED,1561.77,63,27
SUPERNATURAL,D3 & K2 COMPLEX HI-PO,5770.389999999999,413,142
SUPERNATURAL,DAILY GENTLE CLEANSE,1439.1000000000001,90,43
SUPERNATURAL,DEEP TISSUE COLLAGEN-PURE,719.6400000000001,36,22
SUPERNATURAL,DIGEST AID GLUTEN & DAIRY,287.82,18,6
SUPERNATURAL,(DISCM)10DAY SUPER CLEAN,0,0,23
SUPERNATURAL,(DISCM) BOSWELLIA+BIOPER,0,0,2
SUPERNATURAL,(DISCM)CBD GUMMY BRY15MG,0,0,12
SUPERNATURAL,(DISCM)CBD OIL 1000 PPMNT,0,0,1
SUPERNATURAL,(DISCM)CHROMIUM PICLINATE,0,0,13
SUPERNATURAL,(DISCM)COLLAGEN PEPTI,0,0,5
SUPERNATURAL,(DISCM)FENUGREEK RED,0,0,3
SUPERNATURAL,(DISCM)FISH OIL 2X POTNCY,0,0,11
SUPERNATURAL,(DISCM)GINZA-PLUS MACA& R,0,0,1
SUPERNATURAL,DUAL ACTION FAT BURNR RED,399.79999999999995,20,13
SUPERNATURAL,ESTROPAUSE MENOPAUSE,2190.63,137,34
SUPERNATURAL,FEMALE BALANCE KSM-66,839.6500000000001,35,14
SUPERNATURAL,FISH OIL 2X POTENCY TBDM,191.88,12,6
SUPERNATURAL,FISH OIL DOUBLE POTENCY,0,0,1
SUPERNATURAL,FORSKOLIN LIPO STIMULATOR,588.48,34,17
SUPERNATURAL,GARCINIA HCA FAT REDCTION,211.08,12,7
SUPERNATURAL,GINKGO BILOBA 2X POTENCY,739.63,41,19
SUPERNATURAL,GINKGO FOCUS&MEMORY VALUE,4002.57,145,45
SUPERNATURAL,GINKGO MAX FOCUS & MEMORY,2910.1800000000007,188,74
SUPERNATURAL,GOOD MOOD SLEEP PM,671.58,42,19
SUPERNATURAL,GREEN TEA FAT METABOLIZER,2343.0600000000004,94,46
SUPERNATURAL,GUT TO BRAIN HUNGER CNTRL,1509.81,61,32
SUPERNATURAL,HAIR FOLLICLE STIMULATOR,2087.1300000000006,89,41
SUPERNATURAL,HAIR & NAILS LONG+STRONG,2750.2800000000007,172,81
SUPERNATURAL,HEALTHY BRAIN 24HR FOCUS,1559.3500000000004,65,57
SUPERNATURAL,HEALTHY BRAIN ALA&BACOPA,623.74,26,18
SUPERNATURAL,HEALTHY FLOW SAW PALMETTO,1229.0700000000002,53,19
SUPERNATURAL,IMMUNO-SHIELD ALL SEASON,4785.15,285,62
SUPERNATURAL,IMMUNO-SHIELD W/ SAMBUCUS,1093.6399999999999,76,22
SUPERNATURAL,INFLAMMA-LESS,4276.490000000001,191,81
SUPERNATURAL,INHOLTRA,809.7,30,6
SUPERNATURAL,KETO-KARMA BURN FAT RED,459.77000000000004,23,12
SUPERNATURAL,KIDNEY & LIVER SUPER CLNS,5337.330000000002,277,142
SUPERNATURAL,L-ARGININE+HORNYGOAT WEED,2258.8700000000003,113,63
SUPERNATURAL,L-CITRULLINE+L-ARGININE,2126.6700000000005,133,76
SUPERNATURAL,LIBIDO-MAX FOR ACTIVE MEN,2110.7999999999997,120,48
SUPERNATURAL,LIBIDO-MAX RED TURBO,729.22,38,14
SUPERNATURAL,LIVER DETOX&BLOOD REFRESH,2958.5200000000004,150,64
SUPERNATURAL,LIVING GREEN MULTI MEN,8775.939999999999,328,129
SUPERNATURAL,LIVING GREEN MULTI WOMEN,6746.200000000003,262,107
SUPERNATURAL,LONGER STRONGER HAIR&NAIL,2631.0600000000004,96,36
SUPERNATURAL,LONGJACK EXTRACT+POTENCY,844.32,50,24
SUPERNATURAL,LOVE MY LEGS,858.0300000000001,37,20
SUPERNATURAL,MACA +ASHWAGANDA GUMMY,319.8,22,8
SUPERNATURAL,MACA ROOT & ASHWAGANDHA,2258.870000000001,121,87
SUPERNATURAL,MAG + MILK THISTLE&TURMRC,215.9,10,4
SUPERNATURAL,MAGNESIUM+ASHWAGANDHA X3,2761.6299999999997,157,55
SUPERNATURAL,MAGNESIUM + BEETS & COQ10,539.75,25,11
SUPERNATURAL,MAGN+WHOLE-BODY BAL GUMMY,251.79,23,9
SUPERNATURAL,MAX BOSWELLIA+BIOPERINE,0,0,1
SUPERNATURAL,MEGA B-COMPLEX ADV ABSORB,7583.530000000003,533,194
SUPERNATURAL,MENTAL CLARIY RETENTION,1259.3700000000001,63,24
SUPERNATURAL,MIGHTY MORINGA,9258.209999999997,579,175
SUPERNATURAL,MILK THISTLE LIVER CLEANS,3043.25,175,82
SUPERNATURAL,MILK THISTLE LIVER DETOX,3769.9500000000007,217,79
SUPERNATURAL,MILK THISTLE LIVER GUMMY,335.79,23,9
SUPERNATURAL,MULTI-HERB CLEANSE,1301.38,62,29
SUPERNATURAL,MULTI HERB DIGEST & DETOX,545.74,26,17
SUPERNATURAL,MULTI-TESTOSTERONE BOOSTR,1391.42,58,26
SUPERNATURAL,MUSHROOM & IMMUNE SUPPORT,275.85,19,11
SUPERNATURAL,NEXT LEVEL STEEL LIBIDO,1799.2500000000005,75,42
SUPERNATURAL,NITRIC OXIDE POWER,3799.439999999999,220,126
SUPERNATURAL,NITRIC OXIDE PRESPORT,8661.69,471,161
SUPERNATURAL,ONLY ONE MULTI NO IRON,1583.1,90,30
SUPERNATURAL,ONLY ONE MULTI W/ IRON,1846.9499999999998,105,36
SUPERNATURAL,POWER 2 SLEEP NOMELATONIN,134.32,8,10
SUPERNATURAL,POWER TO SLEEP PM,9894.729999999998,451,195
SUPERNATURAL,POWER TO SLEEP PM 6MG,2283.44,136,55
SUPERNATURAL,POWER TO SLEEP PM MAGNES,623.6099999999999,39,15
SUPERNATURAL,PROSTA-STRONG,11337.919999999996,298,146
SUPERNATURAL,PROSTA-STRONG RED,3670.470000000001,153,62
SUPERNATURAL,PWER 2 SLEEP NO MELATONIN,2283.4399999999996,136,42
SUPERNATURAL,PWR MALE HORNY GOAT WEED,1614.9900000000002,105,57
SUPERNATURAL,QUICK ENERGY RED MULTI,993.1399999999999,48,20
SUPERNATURAL,RESPRITORY CLEAN&DEFENSE,6174.849999999999,517,127
SUPERNATURAL,SENSUAL WOMEN ENDURANCE,940.3800000000001,42,18
SUPERNATURAL,SHATAVARI ROSE MIND+BODY,1002.6299999999999,57,25
SUPERNATURAL,SLEEP FIT PM FAT BURNER,1079.46,54,23
SUPERNATURAL,STEEL-LIBIDO FOR MEN,2906.92,118,56
SUPERNATURAL,STEEL-LIBIDO FOR WOMEN,2538.630000000001,137,68
SUPERNATURAL,STEEL-LIBIDO PEAK TESTOST,1059.47,53,27
SUPERNATURAL,STEEL-LIBIDO PINK,1553.7300000000002,67,34
SUPERNATURAL,STEEL-LIBIDO RED,12518.88999999999,521,208
SUPERNATURAL,STORED FAT BELLY BURNER,3622.4900000000007,151,68
SUPERNATURAL,STRESS-DEFY,1660.9300000000003,67,21
SUPERNATURAL,STRESS DEFY OPTIMAL SLEEP,301.47,13,9
SUPERNATURAL,STRESS-DFY BAL CALM GUMMY,319.8,22,8
SUPERNATURAL,SUNNY MOOD,3067.43,137,51
SUPERNATURAL,SUNNY MOOD W/ 5-HTP,1567.3,70,28
SUPERNATURAL,SUPER CLEANSER 100 PS,3336.3499999999985,265,122
SUPERNATURAL,SUPER CLEANSER 200 PS,5298.149999999999,285,134
SUPERNATURAL,TESTOSTERONE BOOST RED,4802.9,190,82
SUPERNATURAL,TESTOSTERONE PRO GROWTH,1455.48,52,28
SUPERNATURAL,TESTOSTERONE UP,3269.42,98,44
SUPERNATURAL,TESTOSTERONE UP-OVER 40,2910.9600000000005,104,50
SUPERNATURAL,TESTOSTERONE UP PEAK GMMY,319.8,22,8
SUPERNATURAL,TESTOSTERONE UP PROSTATE,1503.5300000000002,47,32
SUPERNATURAL,TESTOSTERONE UP RED,7447.42,308,156
SUPERNATURAL,TESTOSTERONE XTRA FAT BRN,119.94999999999999,5,3
SUPERNATURAL,TESTOSTERONE-XTRA FAT BRN,2082.2700000000004,93,49
SUPERNATURAL,TESTOSTERONE XTRA STRNGTH,1503.5300000000002,47,28
SUPERNATURAL,TESTOSTER THERMO BURN MAX,1023.6,40,18
SUPERNATURAL,TESTSTERONE STRENGTH&SIZE,1231.56,44,27
SUPERNATURAL,THERMO BURN STUBBORN FAT,1339.3300000000004,67,28
SUPERNATURAL,THERMO-FUEL MAX FAT BURNR,940.38,42,24
SUPERNATURAL,TRIPLE-BOOST CAFFEINEFREE,1452.8100000000002,79,31
SUPERNATURAL,TRIPLE DIET FAT REDUCTION,1372.02,78,29
SUPERNATURAL,TRIPLE-TEA FAT BURNER,1219.3900000000003,63,32
SUPERNATURAL,TURMERIC WHOLE BODY,5692.860000000001,234,68
SUPERNATURAL,TURMERIC WHOLE-BODY EXTRA,2542.4100000000008,159,57
SUPERNATURAL,"TYPE 1,2,3 COLLAGEN PEPTI",649.3100000000001,29,54
SUPERNATURAL,ULTIMATE CLEANSE 7 DAY,2421.980000000001,205,95
SUPERNATURAL,ULTIMATE CLEANSER,4582.09,191,83
SUPERNATURAL,UNIQUE ORANGE FLOOR STAND,0,1,1
SUPERNATURAL,URINARY CLEANSE & FLUSH,1007.16,86,48
SUPERNATURAL,V02 FAT BURNER MAX,1463.39,61,27
SUPERNATURAL,VISION SHARP EYE HEALTH,3178.4100000000003,159,49
SUPERNATURAL,VITA C PLUS URGENT RESCUE,1423.1100000000001,89,34
SUPERNATURAL,VITALITY+RECOVERY TESTOST,2435.13,87,44
SUPERNATURAL,WEEKEND COLON FLUSH,417.02,61,34
SUPERNATURAL,WOMENS 73 NUTRIENT MULTI,1079.28,72,23
SUPERNATURAL,YOHIMBE-PLUS MAX,2338.8300000000004,117,55
THRESHOLD,10-DAY ACAI BERRY SUPER CLEANSE 60SG,497.28000000000003,43,18
THRESHOLD,15DAY WEIGHT LOSS CLENSE & FLS 60T,35006.69999999994,3609,1535
THRESHOLD,2IN1 CLEANSE & FLUSH WEIGHT LOSS SUPPORT 60SG,70136.92999999976,5573,2461
THRESHOLD,2IN1 KIDNEY & LIVER SUPER CLEANSE 60SG,309368.1999999926,19810,7589
THRESHOLD,3IN1 CARB BLOCKER MAXIMUM STRENGTH 75SG,89516.62999999996,7153,3319
THRESHOLD,3IN1 CARB BLOCKER MAX STRENGTH VALUE SIZE 150SG,16172.599999999988,710,314
THRESHOLD,3IN1 JOINT FORMULA 60SG,14157.909999999996,706,309
THRESHOLD,3IN1 JOINT FORMULA 90SG,160219.02000000048,8125,3546
THRESHOLD,7DAY ULTIMAT CLEANS 2PART 1KIT,23436.029999999948,2363,920
THRESHOLD,ADVANCED ABSORPTION MEGA B COMPLEX 60SG,328831.8899999995,29120,9879
THRESHOLD,ALLER-PURE HISTAMINE CLEAR 54SG,8950.35,343,151
THRESHOLD,ALOE & TRIPHALA ACTIVE CLEANSE & PROBIOTICS 60SG,19821.839999999982,1349,614
THRESHOLD,ALPHA-CHOLINE BRAIN&MUSCLE XS 60CAP,111.89,239,180
THRESHOLD,ANTI-GAS DIGESTIVE ENZYMES 45SG,9721.079999999994,657,304
THRESHOLD,APPLE CIDER VINEGAR + METABOLISM 40GUMMIES,7119.409999999999,1178,607
THRESHOLD,ASHWAGANDHA HEALTHY BRAIN MOOD & STRESS60CAPS,8609.980000000001,1284,859
THRESHOLD,BEET ROOT RED 60SG,97556.12999999971,6007,2098
THRESHOLD,BEETS 4 CARDIO PEAK PERFORMANCE 60SG,23102.80999999999,1489,683
THRESHOLD,BIOTIN 6000 STRENGTH & PROTECTION 60SG,65536.54999999994,4549,2018
THRESHOLD,BLOAT AWAY 60SG,80624.08999999969,5816,3037
THRESHOLD,BLOOD SUGAR BALANCE BERBERINE BODY+FAT BURNER 56SG,184305.4499999981,9915,3778
THRESHOLD,BODY FAT DIET SYSTEM SIX RED 72SG,66958.96000000041,3944,1928
THRESHOLD,BRAIN AWAKE 60SG,56678.70999999992,3957,1934
THRESHOLD,BRAIN AWAKE MAX3 + NITRIC OXIDE BOOSTER 60SG,80,5,3
THRESHOLD,BRAIN AWAKE RED 60SG,81635.61999999973,6474,2961
THRESHOLD,CBD 15MG 60SG,32084.53999999998,1544,626
THRESHOLD,CBD 15 MG + MELATONIN LEMON LIME 30GUMMY,26447.219999999976,1036,367
THRESHOLD,CBD 15 MG + MELATONIN LEMON LIME 30GUMMY ##V,3097.5400000000004,117,41
THRESHOLD,CBD 15 MG MIXED BERRY 30GUMMY,10008.460000000001,425,140
THRESHOLD,CBD 15 MG MIXED BERRY 30GUMMY ##V,3132.7200000000003,151,52
THRESHOLD,CBD 30MG 60SG,72729.74999999994,2210,870
THRESHOLD,CBD 30 MG RASPBERRY RIPPLE 30GUMMY,63081.84999999992,2455,756
THRESHOLD,CBD 30 mg ##V,7513.66,217,70
THRESHOLD,CBD 50MG 60SG,90717.45000000011,1887,729
THRESHOLD,CBD + ASHWAGANDHA 60SG,14061.149999999998,869,382
THRESHOLD,CBD BALM 1000MG 2OZ,10630.27,297,123
THRESHOLD,CBD BALM + ARNICA 1000MG CBD 2OZ,25658.730000000003,690,324
THRESHOLD,CBD BALM + LEMONGRASS 1000MG 2OZ,4421.409999999999,115,63
THRESHOLD,CBD BALM + MENTHOL 1000MG CBD 2OZ,7497.539999999999,201,99
THRESHOLD,CBD CREAM + ARNICA 1000MG CBD 3.3OZ,28220.359999999993,751,352
THRESHOLD,CBD CREAM + MENTHOL 1000MG CBD 3.3OZ,19015.18999999999,510,238
THRESHOLD,CBD GEL + ARNICA 1000MG CBD 3.3OZ,16949.019999999993,449,182
THRESHOLD,CBD GEL + MENTHOL 1000MG CBD 3.3OZ,3500.5700000000006,96,41
THRESHOLD,CBD + MELATONIN 60SG,5676.38,401,155
THRESHOLD,CBD OIL 1000MG PEPPERMINT 1OZ,26750.37999999999,941,400
THRESHOLD,CBD OIL 1000MG UNFLAVORED 1OZ,56467.24999999994,1989,690
THRESHOLD,CBD OIL 2000MG PEPPERMINT 2OZ,29695.540000000023,674,247
THRESHOLD,CBD OIL 2000MG UNFLAVORED 2OZ,23407.200000000026,518,195
THRESHOLD,CBD OIL 250MG UNFLAVORED 1OZ,24687.71,2127,770
THRESHOLD,CBD OIL 250MG UNFLAVORED 1OZ ##V,2712.1,231,98
THRESHOLD,CBD + POWER TO SLEEP 60SG,11198.279999999997,752,248
THRESHOLD,CBD + STRESS DEFY 84SG ##V,1276.88,56,22
THRESHOLD,CBD + TURMERIC 60SG,22206.150000000027,1180,467
THRESHOLD,C.L.A. LEAN BODY FAT REDUCTION 80SG,12253.510000000006,930,441
THRESHOLD,COLLAGEN BEAUTY 80CAP,8069.680000000003,1347,944
THRESHOLD,COQ10 RED 60SG,17198.649999999987,857,360
THRESHOLD,DAILY GENTLE CLEANSE 60SG,41898.19000000003,3247,1698
THRESHOLD,DAILY MULTI TESTOSTERONE UP BOOSTER FOR MEN 60SG,30737.59000000004,1598,771
THRESHOLD,DEEP TISSUE COLLAGEN PURE 80SG,19897.94000000002,1236,589
THRESHOLD,DOUBLE POTENCY 5 HTP EXTRA 60SG,35290.90000000003,2740,1069
THRESHOLD,DOUBLE POTENCY CBD 30MG VALUE SIZE 90SG,24796.119999999988,555,242
THRESHOLD,DOUBLE POTENCY FISH OIL PURE 60SG,4153.07,325,129
THRESHOLD,DOUBLE POTENCY FISH OIL PURE 60SG ##V,1067.47,99,42
THRESHOLD,DOUBLE POTENCY GINKGO BILOBA 60SG,69207.01000000005,4403,2102
THRESHOLD,DOUBLE POTENCY ONE PER DAY CBD 30MG 15SG,11435.009999999997,884,392
THRESHOLD,DOUBLE POTENCY ONE PER DAY CBD 30MG 15SG ##V,3182.639999999999,243,64
THRESHOLD,DUAL ACTION FAT BURNER RED 75SG,8133.820000000004,507,252
THRESHOLD,DUAL ACTION TESTOSTERONE UP PROSTATE DEFENSE 60SG,70356.61000000013,2796,1219
THRESHOLD,EMPTY UNIQUE BLUE FLOOR STAND 12PC,0,154,154
THRESHOLD,EMPTY UNIQUE ORANGE FLOOR STAND 12PC,0,95,95
THRESHOLD,EMPTY UNIVERSAL GREEN FLOOR STAND GLP1 12PC,0,256,253
THRESHOLD,EMPTY UNIVSL GREEN FLOOR STAND DISPLAY (Q3) 24PC,0,407,396
THRESHOLD,EMPTY WEIGHT LOSS FLOOR DISPLAY (Q2) 24PC,0,19,19
THRESHOLD,ENERGY & ENDURANCE TESTOSTERONE UP MEN 40+ 60SG,99055.37000000049,4472,1930
THRESHOLD,ESTROPAUSE MENOPAUSE SUPPORT 80SG,76709.48000000004,6021,2887
THRESHOLD,EXTRA ENERGY THERMO FUEL MAX FAT BURNER 100SG,16321.069999999987,907,423
THRESHOLD,EXTRA STRENGTH ASHWAGANDHA 60SG,53141.499999999854,3505,1416
THRESHOLD,EXTRA STRENGTH CBD 50MG VALUE SIZE 90SG ,44384.54000000004,694,283
THRESHOLD,EXTRA STRENGTH CBD + CURCUMIN 60SG,62.06,3,2
THRESHOLD,EXTRA STRENGTH CBD + POWER TO SLEEP 60SG,270.63000000000005,14,8
THRESHOLD,EXTRA STRENGTH COLON FLUSH 60SG,51022.569999999934,4040,1685
THRESHOLD,EXTRA STRENGTH ONE PER DAY CBD 50MG 15SG,7546.51,463,200
THRESHOLD,EXTRA STRENGTH ONE PER DAY CBD 50MG 15SG ##V,2902.8999999999996,177,46
THRESHOLD,EXTRA STRENGTH TESTOSTERONE UP PRO GROWTH 60SG,25498.93999999998,1139,553
THRESHOLD,EXTRA STRENGTH TESTOSTERONE UP X2 60SG,23891.419999999962,936,510
THRESHOLD,FEMALE BALANCE KSM-66 60CAP,35968.26000000004,2158,833
THRESHOLD,FORSKOLIN FAT LOSS DIET 60SG,35003.69999999989,2351,1180
THRESHOLD,GARCINIA HCA FAT REDUCTION DIET 90SG,4384.949999999999,305,165
THRESHOLD,GINKGO SMART MAX FOCUS & MEMORY 120SG,164116.93000000186,7404,3392
THRESHOLD,GINKGO SMART MAXIMUM FOCUS & MEMORY 60SG,166779.7599999999,13303,5775
THRESHOLD,GINZA PLUS ENDURANCE VITALITY BALANCE 75SG,3998.3299999999995,337,184
THRESHOLD,GINZA PLUS ENDURANCE VITALITY BALANCE 75SG ##V,39.33,3,3
THRESHOLD,GLUTEN & DAIRY DIGESTIVE AID 50SG,7286.66,576,80
THRESHOLD,GOOD MOOD SLEEP PM 54SG,16557.119999999995,1291,587
THRESHOLD,GREEN TEA FAT METABOLIZER 75SG,103792.70999999935,6531,3241
THRESHOLD,GREEN TEA FAT METABOLIZER VALUE 150SG,6950.96,237,132
THRESHOLD,GUT TO BRAIN HUNGER CONTROL 60SG,106002.27999999934,5310,2530
THRESHOLD,HAIR FOLLICLE STIMULATOR 60SG,49497.45999999986,2627,1037
THRESHOLD,HEALTHY BRAIN ALA 60CAPS,9262.940000000006,679,362
THRESHOLD,HEALTHY BRAIN ALL DAY FOCUS 60SG,25977.330000000034,1339,591
THRESHOLD,HEALTHY FLOW SAW PALMETTO 60SG,26651.670000000027,1428,526
THRESHOLD,HEALTHY TRACT PREBIOTIC 60SG,3197.4500000000007,266,103
THRESHOLD,HEALTHY TRACT PREBIOTIC 60SG ##V,909.02,83,37
THRESHOLD,HIGH POTENCY D3 & K2 COMPLEX 60SG,110468.43000000001,9652,3012
THRESHOLD,IMMUNO SHIELD ALL SEASON WELLNESS 100SG,47645.15000000021,3589,1127
THRESHOLD,IMMUNO-SHIELD W/ SAMBUCUS ELDERBERRY 60SG,11287.58,987,353
THRESHOLD,INFLAMMA LESS 80SG,87586.68000000046,4881,1914
THRESHOLD,INHOLTRA LUBRI-JOINT 120C,20393.02999999999,890,139
THRESHOLD,KETO KARMA BURN FAT RED 72SG,5983.750000000005,384,199
THRESHOLD,L-ARGININE + HORNY GOAT WEED 72SG,129052.26999999907,8200,3947
THRESHOLD,L-CITRULLINE + L ARGININE 60SG,36351.05000000004,2812,1228
THRESHOLD,LIBIDO MAX FOR ACTIVE MEN 60SG,104103.49999999977,7497,3629
THRESHOLD,LIVER DETOX & BLOOD REFRESH 60SG,124467.30999999918,7882,3398
THRESHOLD,LIVING GREEN MULTI FOR MEN 90SG,61507.250000000146,3262,1577
THRESHOLD,LIVING GREEN MULTI FOR MEN VALUE 120SG,95805.35999999991,4011,2020
THRESHOLD,LIVING GREEN MULTI FOR WOMEN 90SG,48391.26000000019,2556,1272
THRESHOLD,LIVING GREEN MULTI FOR WOMEN VALUE SIZE 120SG,74450.74999999997,3198,1369
THRESHOLD,LONGER STRONGER HAIR & NAILS 60SG,114304.84000000043,8979,4339
THRESHOLD,LONGER STRONGER HAIR & NAILS VALUE SIZE 120SG,63379.950000000244,2845,1365
THRESHOLD,LONGJACK EXTR+POTENCY WOOD PRIMAL MALE 60CAPS,38788.72999999998,2965,1241
THRESHOLD,LOVE MY LEGS VEIN + CIRCULATION 60SG,12636.76000000001,668,307
THRESHOLD,MACA ROOT AND ASHWAGANDHA 75SG,148861.08999999907,9533,4267
THRESHOLD,MACA ROOT + ASHWAGANDHA 42GUMMIES,9480.019999999993,1174,603
THRESHOLD,MAGNESIUM + BEETS & COQ10 60CAP,9821.839999999995,1530,976
THRESHOLD,MAGNESIUM + MILK THISTLE & TURMERIC 60CAP,7783.759999999997,1521,1012
THRESHOLD,MAGNESIUM + WHOLE-BODY BALANCE 30GUMMIES,7241.48,1166,595
THRESHOLD,MEGA B12 ONE PER DAY 60SG,140789.1200000002,11198,4492
THRESHOLD,MENTAL CLARITY INFORMATION RETENTION 60SG,18004.54,1137,486
THRESHOLD,MIGHTY MORINGA 60SG,142917.1799999997,11050,3373
THRESHOLD,MILK THISTLE LIVER CLEANSE 60T,25208.370000000054,1732,646
THRESHOLD,MILK THISTLE LIVER DETOX 30GUMMIES,9288.639999999994,1163,601
THRESHOLD,MILK THISTLE LIVER DETOX 60SG,275264.29000000225,19199,7001
THRESHOLD,MILK THISTLE TRIPLE DETOX 60SG,3866.1500000000005,1038,713
THRESHOLD,MULTI HERB COLON CLEANSE ECONOMY SIZE 275SG,6163.720000000001,359,186
THRESHOLD,MULTI-HERB DIGEST & DETOX 275T,3426.76,198,81
THRESHOLD,NEXT LEVEL STEEL LIBIDO X2 MACA & L ARGININE 75SG,112311.47999999828,5939,3018
THRESHOLD,NITRIC OXIDE PRE-SPORT 60SG,246132.92000000307,16812,6345
THRESHOLD,ONLY ONE MULTI WITH IRON 60SG,40434.420000000144,2854,1418
THRESHOLD,ONLY ONE MULTI WITHOUT IRON 60SG,38012.06000000012,2660,1283
THRESHOLD,POWER MALE HORNY GOAT WEED W/OUT BOOSTER 60SG,31720.960000000017,2458,1160
THRESHOLD,POWER TO SLEEP MAGNESIUM PM+FLOWER 60CAP,11500.649999999998,1964,1177
THRESHOLD,POWER TO SLEEP PM 60SG,179363.9500000005,14173,6095
THRESHOLD,POWER TO SLEEP PM 6MG MELATONIN 60SG,29377.010000000075,2156,915
THRESHOLD,POWER TO SLEEP PM MELATONIN FREE 50SG,36089.2800000002,2632,1294
THRESHOLD,POWER TO SLEEP PM VALUE SIZE 120SG,127262.7800000003,5488,2331
THRESHOLD,PROACTIVE NITRIC OXIDE PWR BLOOD FLW BOOSTER 60SG,73775.76000000002,5182,1856
THRESHOLD,PROSTA STRONG 90SG,302464.0000000002,13834,5812
THRESHOLD,PROSTA STRONG RED 80SG,166461.0499999972,8702,3856
THRESHOLD,PROSTA STRONG VALUE SIZE 180SG,278100.65000000247,6606,3302
THRESHOLD,PURE DEFENSE MUSHROOM 8 IMMUNE SUPPORT 60SG,11894.989999999987,814,329
THRESHOLD,QUICK ENERGY RED MULTI 72SG,11165.219999999994,642,303
THRESHOLD,RAPID-ACTING TESTOSTERONE UP THERMO BURN-MAX 60CAP,11568.709999999995,570,285
THRESHOLD,RESPIRATORY CLEANSE & DEFENSE 60T,89095.76000000039,8942,2396
THRESHOLD,SENSUAL WOMAN ENDURANCE STRESS LIBIDO 60SG,66464.66999999981,3793,1967
THRESHOLD,SHATAVARI ROSE MIND & BODY FOR WOMEN 60CAPS,7929.419999999997,724,388
THRESHOLD,SLEEP FIT PM FAT BURNER 60CAPS,16464.750000000007,1025,491
THRESHOLD,STEEL LIBIDO FOR MEN 75SG,75671.35999999991,4860,2003
THRESHOLD,STEEL LIBIDO FOR MEN VALUE SIZE 150SG,36967.769999999844,1179,721
THRESHOLD,STEEL LIBIDO FOR WOMEN 48SG,11141.989999999994,858,420
THRESHOLD,STEEL LIBIDO FOR WOMEN 75SG,88078.41999999968,5554,3025
THRESHOLD,STEEL LIBIDO MAX3 + NITRIC OXIDE BOOSTER 75SG,2081.3099999999995,112,38
THRESHOLD,STEEL LIBIDO MAX3 + NITRIC OXIDE BOOSTER 75SG ##V,899.77,45,19
THRESHOLD,STEEL LIBIDO PEAK TESTOSTERONE 75SG,84580.74999999988,5321,2682
THRESHOLD,STEEL LIBIDO PINK FOR WOMEN 60SG,24689.300000000025,1307,543
THRESHOLD,STEEL LIBIDO RED 75SG,275345.7499999935,17404,7963
THRESHOLD,STEEL LIBIDO RED VALUE SIZE 150SG,215939.70999999967,7663,3940
THRESHOLD,STORED FAT BELLY BURNER 60SG,190092.1399999994,15967,6181
THRESHOLD,STORED FAT BELLY BURNER PLUS CALORIE BURN GP 40SG,38162.150000000096,2878,1073
THRESHOLD,STORED FAT BELLY BURNER VALUE SIZE 100SG,31738.460000000043,1642,687
THRESHOLD,STRESS DEFY BALANCED RELAXED CALM 84SG,43718.02000000004,2189,752
THRESHOLD,"STRESS-DEFY BALANCED, RELAXED, FOCUSED 30GUMMIES",9677.839999999995,1213,602
THRESHOLD,STRESS DEFY SLEEP PM 50SG,9279.160000000007,509,262
THRESHOLD,SUNNY MOOD WITH 5 HTP 80SG,21951.299999999977,1223,495
THRESHOLD,SUNNY MOOD WITH RHODIOLA 75SG,90841.12000000026,5103,2439
THRESHOLD,SUPER CLEANSE 100T,52025.57999999981,4997,2284
THRESHOLD,SUPER CLEANSE 200T,54044.06999999999,3524,1082
THRESHOLD,TESTOSTERONE EXTRA FAT BURNER 60SG,152972.10000000003,8689,4200
THRESHOLD,TESTOSTERONE MEGA BOOST RED 56SG,45815.719999999936,2582,1217
THRESHOLD,TESTOSTERONE MEGA BOOST RED 68SG,50163.43000000007,2214,977
THRESHOLD,TESTOSTERONE UP 60SG,124093.73999999951,6163,3043
THRESHOLD,TESTOSTERONE UP MAX3 + NITRIC OXIDE BOOSTER 60SG,1267.8799999999999,51,28
THRESHOLD,TESTOSTERONE UP PEAK PERFORMANCE 30GUMMIES,30232.119999999948,2842,1211
THRESHOLD,TESTOSTERONE UP RED 32SG,16035.959999999992,1233,614
THRESHOLD,TESTOSTERONE UP RED 60SG,190855.20999999892,9204,4338
THRESHOLD,TESTOSTERONE UP RED VALUE SIZE 100SG,42483.660000000076,1234,604
THRESHOLD,TESTOSTERONE UP STRENGTH & SIZE 60SG,129521.64000000159,5884,2972
THRESHOLD,TESTOSTERONE UP VALUE SIZE 120SG,15113.280000000004,399,193
THRESHOLD,THERMO BURN STUBBORN FAT METABOLIZER 60SG,92696.13999999966,5878,2867
THRESHOLD,TRIPLE BOOST CAFFEINE FREE ENERGY 75SG,29086.399999999936,1923,909
THRESHOLD,TRIPLE DIET FAT REDUCTION MAX ACCELERATOR 72SG,110635.23999999947,7940,4041
THRESHOLD,TRIPLE SOURCE MAGNESIUM + ASHWAGANDHA 60SG,157676.17000000097,11427,4590
THRESHOLD,TRIPLE TEA FAT BURNER 75SG,27540.44000000003,1685,891
THRESHOLD,TRIPLE TEA FAT BURNER 75SG ##V,295.03999999999996,18,11
THRESHOLD,TURBO-ENERGY LIBIDO-MAX RED 72CAP,7563.179999999998,1554,1051
THRESHOLD,"TYPE I, II & III COLLAGEN PEPTIDES+ASTAX 60SG",6763.450000000003,463,204
THRESHOLD,"TYPE I, II & III COLLAGEN PEPTIDES+ASTAX 60SG ##V",36.72,2,2
THRESHOLD,ULTIMATE CLEANSE 120+120T,51453.91000000002,2558,829
THRESHOLD,URINARY CLEANSE & FLUSH 60C,24603.42999999993,2483,1201
THRESHOLD,VISION SHARP MULTI NUTRIENT EYE HEALTH 42SG,121868.24999999903,7661,3632
THRESHOLD,VITA C PLUS URGENT RESCUE 60SG,72329.5499999997,5781,2607
THRESHOLD,VITALITY & RECOVERY TESTOSTERONE UP MEN 60+ 60SG,72630.66000000031,3295,1463
THRESHOLD,VO2 MAX PERFORMANCE FAT BURNER 60SG,83002.27999999905,4421,2198
THRESHOLD,WEEKEND COLON FLUSH 16SG,1653.8700000000001,290,124
THRESHOLD,WHOLE BODY TURMERIC + CURCUMIN C3 COMPLEX 60SG,44938.57000000004,3483,1372
THRESHOLD,WHOLE BODY TURMERIC+ VALUE SIZE 120SG,35435.34000000007,1816,861
THRESHOLD,WOMEN'S 73 NUTRIENT MULTI 60SG,13983.100000000002,1138,227
THRESHOLD,YOHIMBE PLUS MAXIMUM PERFORMANCE 100SG,78298.71999999996,4944,2492
UNFI,"",2037.71,146,33
UNFI,15-Day Weight Loss Support Cleanse & Flush 60ct,8949.95,833,226
UNFI,2-IN-1 Cleanse & Flush Weight Loss Support 60ct,310.12,23,5
UNFI,2-IN-1 Kidney & Liver Super Cleanse 60ct,411.67,25,6
UNFI,3-in-1 Joint Formula 90ct,933.2399999999999,45,18
UNFI,Advanced Absorption Mega B-Complex 60ct,318.96000000000004,26,4
UNFI,Aloe & Triphala Active-Cleanse and Probiotics 60ct,74.82,5,3
UNFI,Anti-Gas Digestive Enzymes 45ct,50,3,2
UNFI,Beet Root RED 60ct,1025.8600000000001,60,19
UNFI,Biotin-6000 Strength & Protection 60ct,533.3,33,16
UNFI,Blood Sugar Balance Berberine-Body+Fat Burner 56ct,1808.85,90,36
UNFI,Body Fat-Diet System-Six RED 72ct,433.26,24,13
UNFI,Brain Awake 60ct,458.23,30,9
UNFI,Brain Awake RED 60ct,332.47,26,15
UNFI,CBD Balm 1000mg 2oz,116.04,3,1
UNFI,CBD Balm + Arnica 1000mg,415.36,9,3
UNFI,CBD Balm + Menthol 1000mg,223.72,5,3
UNFI,CBD Cream + Arnica 1000mg,415.36,9,3
UNFI,CBD Cream + Menthol 1000mg,695.08,15,7
UNFI,CBD Gel + Arnica 1000mg,88.92,2,1
UNFI,CLA Lean Body Fat Reduction 80ct,42.089999999999996,3,2
UNFI,Daily Gentle Cleanse 60ct,119.89000000000001,9,5
UNFI,Double Potency 5-HTP Extra 60ct,253.14,18,6
UNFI,Double- Potency Ginkgo Biloba 60ct,641.69,36,18
UNFI,EstroPause Menopause Support 80ct,27.8,2,1
UNFI,Extra Strength Ashwagandha 60ct,1324.3,81,20
UNFI,Extra Strength Colon Flush 60ct,1332.04,96,9
UNFI,Forskolin Fat-Loss Diet Stimulator 60ct,186.9,13,6
UNFI,Ginkgo Smart Maximum Focus & Memory 120ct VALUE SIZE,736.3199999999999,33,13
UNFI,Ginkgo Smart Maximum Focus & Memory 60ct,739.2,55,22
UNFI,Gluten & Dairy Digestive Aid 50ct,325.2,25,3
UNFI,Green Tea Fat Metabolizer 150ct VALUE SIZE,167.82,5,3
UNFI,Green Tea Fat Metabolizer 75ct,1778.0200000000004,109,31
UNFI,Healthy-Flow Saw Palmetto 60ct,1654.5900000000001,84,9
UNFI,High Potency Mega D3+K2 Turmeric Extract 60ct,3580.1200000000003,297,19
UNFI,Inholtra Premium Lubri-Joint 120ct,3540.13,128,13
UNFI,Keto-Karma Burn Fat RED 72ct,392.4,22,5
UNFI,L-Arginine + Horney Goat Weed 75ct,826.1700000000001,51,29
UNFI,Libido-Max for Active Men 60ct,338.39,22,10
UNFI,Liquid Quick-Delivery Ashwagandha Mind Body 10ct,3595.41,130,14
UNFI,Living Green Liquid-Gel Multi for MEN 120ct VALUE SIZE,618.3800000000001,25,11
UNFI,Living Green Liquid-Gel Multi for WOMEN 120ct VALUE SIZE,605.35,24,12
UNFI,Living Green Liquid-Gel Multi for WOMEN 90ct,390.37,19,6
UNFI,Longer Stronger Hair & Nails 60ct,741.81,57,21
UNFI,Maca Root and Ashwagandha 75ct,914.51,56,24
UNFI,Maximum Strength 3-in-1 Carb Blocker 150ct VALUE SIZE,861.36,33,10
UNFI,Maximum Strength 3-in-1 Carb Blocker 75ct,968.54,74,31
UNFI,Mental Clarity Information Retention 60ct,130.85,8,4
UNFI,Mighty Moringa 60ct,2463.09,176,35
UNFI,Milk Thistle Liver Cleanse 60ct,5017.990000000001,324,83
UNFI,Milk Thistle Liver Detox 60ct,1904.46,122,41
UNFI,Multi-Herb Colon Cleanse 275ct ECONOMY SIZE,1296.92,68,25
UNFI,Next Level Steel Libido X2 75ct,1155.23,57,29
UNFI,Nitric Oxide Pre Sport 60ct,1199,78,27
UNFI,One-Per-Day Mega B-12 60ct,1256.15,110,45
UNFI,Only One Liquid-Gel Multi WITH IRON 60ct,425.81,29,8
UNFI,Only One Liquid-Gel Multi WITHOUT IRON 60ct,155.14,10,4
UNFI,Power to Sleep PM 60ct,237.58,18,4
UNFI,Power to Sleep PM 6mg Melatonin 60ct,1528.5700000000002,106,10
UNFI,Power to Sleep PM Melatonin-Free 50ct,169.34,11,4
UNFI,Pro-Active Male Prosta-Strong Healthy Urinary Flow 180ct VALUE SIZE,1513.9099999999999,35,13
UNFI,Pro-Active Male Prosta-Strong Healthy Urinary Flow 90ct,1653.01,71,27
UNFI,Prosta-Strong RED 80ct,141.42000000000002,7,4
UNFI,Respiratory Support & Defense 60ct,20170.309999999998,1970,400
UNFI,Sensual Woman Endurance*Stress*Libido 60ct,594.0300000000001,31,17
UNFI,Steel-Libido 75ct,901.72,55,22
UNFI,Steel-Libido for WOMEN 75ct,879.46,53,25
UNFI,Steel-Libido Peak Testosterone 75ct,15.29,1,1
UNFI,Steel-Libido RED 75ct,515.94,33,9
UNFI,Stored Fat Belly Burner 60ct,1420.66,117,40
UNFI,Stress-Defy 84ct,852.42,46,4
UNFI,Super Cleanse 100ct,94792.15000000001,8143,1678
UNFI,Super Cleanse 200ct ECONOMY SIZE,94076.79999999999,7242,1504
UNFI,Testosterone-Extra Fat Burner 60ct,948.3800000000001,53,27
UNFI,Testosterone UP 60ct,901.76,41,21
UNFI,Testosterone UP Prostate Defense 60ct,677.94,25,11
UNFI,Testosterone UP RED 60ct,1205.86,54,17
UNFI,Testosterone Up Strength & Size 60ct,1439.48,61,29
UNFI,Thermo Burn Stubborn Fat Metabolizer 60ct,1289.5800000000002,84,19
UNFI,Triple-Boost Caffeine-Free Energy 75ct,96.84,6,2
UNFI,Triple Diet Fat Reduction Max Accelerator 72ct,954.1199999999999,67,23
UNFI,Triple Source MAGNESIUM ASHWAGANDHA 60ct,1474.17,103,38
UNFI,Ultimate Cleanse (2 Part Program),54407.42000000001,2804,1105
UNFI,Urgent Rescue Mega Vita-C 60ct,625.1,45,20
UNFI,Urinary Flush & Support 60ct,11393.1,1149,404
UNFI,V02 Max Performance Fat Burner 60ct,989.49,47,18
UNFI,Vision Sharp Multi-Nutrient Eye Health 42ct,643.51,40,19
UNFI,Weekend Colon Flush 16ct,431.01,67,17
UNFI,Whole Body Turmeric Curcumin C3 60ct,905.3600000000001,66,16
UNFI,Yohimbe-Plus Maximum Enhancement 100ct,151.57999999999998,9,5
